title,company,location,link
Site Reliability Lead,Tessian,"
London, UK",https://stackoverflow.com/jobs/288409
Softwareentwickler (w/m/d) – „RoxxStar“ mit Java & Groovy Kenntnissen,INFORM - Institut für Operations Research und Management GmbH,"
Aachen, Deutschland",https://stackoverflow.com/jobs/303877
Scanner Software Developer specialized in distributed software,3Shape,"
Copenhagen, Denmark",https://stackoverflow.com/jobs/303857
Backend Developer/Architect - McKinsey Digital,McKinsey & Company,"
Berlin, Germany",https://stackoverflow.com/jobs/273732
Programador Informático para el Sector Aeronáutico,AKKA TECHNOLOGIES SPAIN S.L.U.,"
Madrid, Spain",https://stackoverflow.com/jobs/336344
Data Analytics & Insights Intern,MortensonviaPandoLogic,"
Minneapolis, MN",https://stackoverflow.com/jobs/334081
"Software Engineer, Server - Mobile",Blizzard EntertainmentviaPandoLogic,"
Irvine, CA",https://stackoverflow.com/jobs/335035
Applications Analyst I,ARIZONA COMMUNITY PHYSICIANSviaPandoLogic,"
Tucson, AZ",https://stackoverflow.com/jobs/334047
Senior Security Engineer - Product,N26,"
Barcelona, Spain",https://stackoverflow.com/jobs/288360
Senior Applied Data Scientist,Tessian,"
London, UK",https://stackoverflow.com/jobs/308047
Security Engineer - Lead,Tessian,"
London, UK",https://stackoverflow.com/jobs/288407
Python Backend Engineer,Tessian,"
London, UK",https://stackoverflow.com/jobs/288862
Platform Engineer,Tessian,"
London, UK",https://stackoverflow.com/jobs/273046
Técnico de Comunicaciones TCP/IP (BI02),"Mensoft Consultores, S.L","
Madrid, Spain",https://stackoverflow.com/jobs/336335
Fullstack ReactJS / NodeJS Developer,Code Careers,"
Eindhoven, Netherlands",https://stackoverflow.com/jobs/219790
Desarrollador/a .NET CORE,TIGLOO,"
Madrid, Spain",https://stackoverflow.com/jobs/336324
CONSULTOR TÉCNICO ABAP SAP HR,KRELL CONSULTING & TRAINING,"
Bilbao, Spain",https://stackoverflow.com/jobs/336323
PROGRAMADOR/A JAVA (Referencia: PONTEVEDRA - 10/12/2019),DISTRIBUCIONES FROIZ,"
Pontevedra, Spain",https://stackoverflow.com/jobs/336303
Full Stack Software Engineer (Vue.js & Django) (m/f/d),Limehome GmbH,"
München, Germany",https://stackoverflow.com/jobs/238532
"[Working-Student] Full Stack Developer (Vue.js,PHP,Python3,JavaScript) (m/f/d)",Limehome GmbH,"
München, Germany",https://stackoverflow.com/jobs/238583
Data Team Leader,Lusha,"
Tel Aviv-Yafo, Israel",https://stackoverflow.com/jobs/255175
Python Backend Developer (m/f/d) - Industrial Data Science and Software,Smart Steel Technologies GmbH,"
Berlin, Germany",https://stackoverflow.com/jobs/334428
Frontend Software Engineer (m/f/d) - Industrial Data Science and Software,Smart Steel Technologies GmbH,"
Berlin, Germany",https://stackoverflow.com/jobs/307564
Software Engineer,IKEA Retail,"
Helsingborg, Sweden",https://stackoverflow.com/jobs/281708
Embedded Software Engineer - POSIX RTOS (Madrid OR Barcelona),Silicon Gears SL,"
Madrid, Spain",https://stackoverflow.com/jobs/303773
Anwendungsbetreuer (m/w/d) für IT-Verfahren und Systeme,Bundesnachrichtendienst,"
Berlin, Deutschland",https://stackoverflow.com/jobs/336295
(Senior) Software Engineer - Data & Workflows,Synthace Ltd.,"
London, UK",https://stackoverflow.com/jobs/266550
Software Development Engineer I,Amazon,"
Bengaluru, India",https://stackoverflow.com/jobs/336294
Data Architect,Grand Parade,"
Kraków, Poland",https://stackoverflow.com/jobs/336293
Service Operations Analyst - Data Management,Grand Parade,"
Kraków, Poland",https://stackoverflow.com/jobs/336290
Cloud and System Engineer,Grand Parade,"
Kraków, Poland",https://stackoverflow.com/jobs/336287
Site Reliability Engineer,G42viaExecutive Solutions,"
Abu Dhabi, United Arab Emirates",https://stackoverflow.com/jobs/336285
Software Development Engineer I,Audible,"
Newark, NJ",https://stackoverflow.com/jobs/281344
"Test Analyst, World of Warcraft",Blizzard EntertainmentviaPandoLogic,"
Irvine, CA",https://stackoverflow.com/jobs/335251
Senior Backend Python Developer,PolySignviaVega Partners Inc,"
San Francisco, CA",https://stackoverflow.com/jobs/336280
Senior Infrastructure Engineer,PolySignviaVega Partners Inc,"
San Francisco, CA",https://stackoverflow.com/jobs/336279
自社サービスWebエンジニア(第二新卒歓迎!) / インターネット/Webサービス・ASP,株式会社 タイムデザイン,"
Shibuya City, Japan",https://stackoverflow.com/jobs/319918
システムエンジニア,木村情報技術株式会社,"
Chuo City, Japan",https://stackoverflow.com/jobs/336268
UI/UXデザイナー / インターネット/Webサービス・ASP,"for Startups,inc.","
Minato City, Japan",https://stackoverflow.com/jobs/336263
Rubyエンジニア_2 / インターネット/Webサービス・ASP,株式会社 Crunch Style,"
Shinagawa City, Japan",https://stackoverflow.com/jobs/336261
Webアプリケーションエンジニア / システムインテグレータ・ソフトハウス,株式会社 ウェルモ,"
Chiyoda City, Japan",https://stackoverflow.com/jobs/336255
リードエンジニア|SaaS型自社サービス / ITコンサルティング,かっこ 株式会社,"
Minato City, Japan",https://stackoverflow.com/jobs/318110
アプリケーションエンジニア,株式会社リブ,"
Shibuya City, Japan",https://stackoverflow.com/jobs/327706
新卒Webエンジニア(常駐),株式会社メンバーズキャリア,"
Shinagawa City, Japan",https://stackoverflow.com/jobs/336246
組込み・制御系ソフトウェア開発,パーソル パナソニック HRパートナーズ株式会社,"
Minato City, Japan",https://stackoverflow.com/jobs/329355
エンジニア,吉積情報株式会社,"
Chiyoda City, Japan",https://stackoverflow.com/jobs/336242
ブロックチェーンエンジニア,株式会社FLOC,"
Shinagawa City, Japan",https://stackoverflow.com/jobs/317309
エンジニア / モバイル/アプリサービス,株式会社 Globee,"
Minato City, Japan",https://stackoverflow.com/jobs/336237
インフラ/サーバーサイドエンジニア / インターネット/Webサービス・ASP,株式会社 フィノバレー,"
Minato City, Japan",https://stackoverflow.com/jobs/319939
アプリエンジニア / その他コンサルティング系,株式会社 チェンジ,"
Minato City, Japan",https://stackoverflow.com/jobs/336227
Python Developer,Seen by Indeed,"Boston, MA",https://www.indeed.com/viewjob?jk=d9106c25656867af
SDET (AUTOMATION),Aptly Technology,"Mountain View, CA",https://www.indeed.com/viewjob?jk=0b754c929c64a2e8
"Data Scientist, Office of Data Science",Liberty Mutual Insurance,"Boston, MA",https://www.indeed.com/viewjob?jk=4541b5e0b75c6da3
Data Integration & ETL Engineer: Python,"Shatzkin Systems, Inc.","Croton-on-Hudson, NY",https://www.indeed.com/viewjob?jk=17ddff3bc1fb693f
Full Stack Engineer,Triplebyte Partner Company,"San Francisco, CA",https://www.indeed.com/viewjob?jk=31c98a3a81e33b2d
Python Developer,Miller Media,"Walnut Creek, CA",https://www.indeed.com/viewjob?jk=7bf350030a9728e7
Python Developer,WadiTek,"Des Moines, IA",https://www.indeed.com/viewjob?jk=f3916841a157b6df
Jr. Python Developer,HCL America Inc,"Mountain View, CA",https://www.indeed.com/viewjob?jk=7641eb0236407cd8
Entry Level Data Scientist,Numero Data LLC,"Herndon, VA",https://www.indeed.com/viewjob?jk=b625e253ec2a1e45
Python Developer,Lantern Tech Corps,"Atlanta, GA",https://www.indeed.com/viewjob?jk=2e22feb92f4301e1
"Summer 2020: Intern: Software engineer (C#, C++, Python) $20-$24 per hour",Quest Analytics,"Overland Park, KS",https://www.indeed.com/viewjob?jk=3cb2ba25f30c0b62
Entry level python developer,Dataquest corp,"Iselin, NJ",https://www.indeed.com/viewjob?jk=78b80de4fbb3e6ad
Data Analyst,delivery.com,"New York, NY",https://www.indeed.com/viewjob?jk=4746cfcd2eba07e6
Pyspark and Python Consultant,Accelalpha,"Seattle, WA",https://www.indeed.com/viewjob?jk=e8ff002273e18e20
Full Time Opportunities for Students or Recent Graduates: Cybersecurity,Microsoft,"Redmond, WA",https://www.indeed.com/viewjob?jk=eef7e88042d11cb2
Junior Python Developer (W2 only),Core Software Tech,"Des Moines, IA",https://www.indeed.com/viewjob?jk=14b460d9f7b76dec
Python Developer,JP Morgan Chase,"Houston, TX",https://www.indeed.com/viewjob?jk=1d56612d43bd9fcd
Software/Firmware Engineer,"Sierra-Olympic Technologies, Inc.","Hood River, OR",https://www.indeed.com/viewjob?jk=8ad5f27f2008d7c2
Data Analyst with sql,First Notch Technology,"Richmond, VA",https://www.indeed.com/viewjob?jk=57babc3dd02caa85
Research Engineering Intern May-Aug '20 Term,SigOpt,"San Francisco, CA",https://www.indeed.com/viewjob?jk=9ead3aac584e5c4f
Software Engineering Intern,Hewlett Packard Enterprise,"Bloomington, MN",https://www.indeed.com/viewjob?jk=aa95668de60dfad8
Technical Summer Intern,Trimble Inc.,"Alpharetta, GA",https://www.indeed.com/viewjob?jk=1e63eb7383b6135b
Paid Internship - PHP/MySQL Full-Stack Software Developer,DataOne,"Beverly, MA",https://www.indeed.com/viewjob?jk=9a0b30bb0b9a8252
Junior Software Engineer (W2 only),Core Software Tech,"Plainsboro, NJ",https://www.indeed.com/viewjob?jk=237609b6a25fe6bf
Now Hiring Instructors for Technology Summer Camp!,iD Tech,"South Orange, NJ",https://www.indeed.com/viewjob?jk=414c01c6f4e384e7
Software Engineering Internship,Descartes Labs,"Santa Fe, NM",https://www.indeed.com/viewjob?jk=1514671a8eae00a6
"Intern, Analytics (NOA)",Nintendo of America Inc.,"Redmond, WA",https://www.indeed.com/viewjob?jk=915246c7c35123e1
"RESEARCH TECHNICIAN, Psychological & Brain Sciences",Boston University,"Boston, MA",https://www.indeed.com/viewjob?jk=bd5cee42b4893b63
Automation tester | Python,SILVERLINK TECHNOLOGIES LLC,"Saint Paul, MN",https://www.indeed.com/viewjob?jk=92232808763be433
IT & MES/ERP Engineer,Array Photonics,"Tempe, AZ",https://www.indeed.com/viewjob?jk=d98edf0d5f7acda8
Python / AWS Developer,Fast Switch,"Scottsdale, AZ",https://www.indeed.com/viewjob?jk=3077cbfb68a3e47d
SDET (AUTOMATION),Aptly Technology,"Mountain View, CA",https://www.indeed.com/viewjob?jk=0b754c929c64a2e8
Python Developer,WadiTek,"Des Moines, IA",https://www.indeed.com/viewjob?jk=f3916841a157b6df
Software/Firmware Engineer,"Sierra-Olympic Technologies, Inc.","Hood River, OR",https://www.indeed.com/viewjob?jk=8ad5f27f2008d7c2
Full Stack Engineer,Triplebyte Partner Company,"San Francisco, CA",https://www.indeed.com/viewjob?jk=31c98a3a81e33b2d
"Data Scientist, Office of Data Science",Liberty Mutual Insurance,"Boston, MA",https://www.indeed.com/viewjob?jk=4541b5e0b75c6da3
Data Analyst with sql,First Notch Technology,"Richmond, VA",https://www.indeed.com/viewjob?jk=57babc3dd02caa85
Python Developer,Seen by Indeed,"Austin, TX",https://www.indeed.com/viewjob?jk=99345ff090923ecd
